,Pos,Swim,T1,Bike,T2,Run,Time,Gender,AgeGroup
0,1,1370,87,7321,112,4285,13175,1,9
1,2,1413,90,7494,92,4334,13423,1,9
2,3,1377,74,7552,121,4463,13587,1,9
3,4,1370,91,7700,116,4413,13690,1,9
4,5,1378,109,7511,127,4641,13766,1,9
5,6,1519,101,7818,97,4237,13772,1,9
6,7,1390,84,7772,104,4484,13834,1,9
7,8,1535,104,7801,118,4397,13955,1,9
9,10,1556,159,7847,158,4317,14036,1,1
10,11,1444,76,8057,89,4419,14085,1,9
11,12,1382,91,7814,127,4795,14209,1,9
12,13,1574,121,7757,122,4647,14221,1,9
13,14,1451,86,8056,122,4565,14280,1,9
14,15,1516,97,7964,121,4590,14288,1,9
15,16,1514,77,7860,113,4738,14302,1,9
16,17,1642,90,7536,100,4953,14321,1,9
17,18,1519,107,7818,117,4768,14329,1,9
18,19,1615,105,8054,127,4471,14371,1,1
19,20,1720,90,7760,111,4756,14437,1,9
20,21,1643,100,8088,103,4520,14454,1,9
21,22,1622,127,8167,113,4531,14560,1,9
22,23,1749,110,7814,132,4801,14606,1,4
23,24,1447,93,8095,120,4870,14625,1,9
24,25,1379,94,7891,107,5163,14633,1,1
25,26,1520,154,8014,150,4812,14649,1,1
26,27,1523,99,7378,110,5544,14654,1,9
27,28,1740,117,7874,145,4797,14672,1,1
28,29,1553,131,8068,158,4823,14733,1,9
29,30,1579,89,8244,102,4796,14810,0,9
30,31,1754,94,8060,114,4792,14814,1,1
31,32,1376,96,7989,119,5342,14922,1,9
32,33,1654,116,7897,164,5103,14934,1,9
33,34,1621,80,8115,113,5011,14940,1,9
34,35,1724,98,8231,104,4807,14963,1,0
35,36,1540,100,8346,109,4873,14968,1,9
36,37,1627,99,8291,151,4868,15036,1,9
37,38,1880,197,8120,144,4702,15043,1,2
38,39,1778,100,8276,116,4793,15063,1,2
39,40,1666,125,8277,191,4829,15088,1,5
40,41,1952,105,8389,140,4505,15091,1,9
41,42,1855,151,8101,134,4880,15121,1,2
42,43,1817,110,8095,116,5061,15198,1,3
43,44,1837,142,8065,134,5120,15297,1,2
44,45,1524,100,8437,163,5093,15317,1,9
45,46,1737,93,8448,117,4942,15337,0,9
46,47,1798,118,8460,119,4862,15357,1,1
47,48,1850,142,8327,146,4897,15361,1,2
48,49,1855,100,8247,113,5055,15370,1,2
49,50,1651,105,8558,126,4981,15421,1,9
50,51,1710,170,8530,131,4890,15430,1,2
51,52,1889,148,8382,189,4832,15439,1,5
52,53,1741,87,8558,125,4952,15463,0,9
53,54,1867,193,8215,146,5131,15551,1,1
54,55,1719,145,8701,156,4849,15569,1,4
55,56,1890,113,8408,156,5012,15578,1,4
56,57,1797,124,7992,129,5567,15609,1,3
57,58,1578,95,8711,129,5115,15628,0,9
58,59,1872,128,8409,153,5083,15645,1,5
59,60,1764,111,8488,128,5172,15663,1,4
60,61,2033,127,8454,135,4915,15664,1,1
61,62,1629,111,8599,380,4952,15671,1,1
62,63,1737,122,8829,126,4877,15691,0,9
63,64,1689,118,8616,112,5160,15695,1,3
64,65,1874,219,8347,116,5147,15703,1,1
65,66,1834,161,8357,126,5226,15703,1,3
66,67,1688,129,8569,135,5202,15723,1,0
67,68,1554,104,9085,123,4857,15723,1,9
68,69,1863,167,8115,153,5434,15732,1,0
69,70,1984,109,8497,130,5022,15741,1,4
70,71,1903,138,8075,187,5449,15752,1,4
71,72,1522,133,8906,119,5073,15753,1,3
72,73,1826,157,8511,132,5141,15767,1,2
73,74,1985,120,8467,130,5071,15772,1,5
74,75,1891,151,8717,142,4876,15777,1,1
75,76,2029,154,8122,159,5349,15812,1,5
76,77,1869,141,8539,175,5094,15818,1,5
77,78,2059,136,8598,166,4866,15825,1,3
78,79,1866,146,8454,126,5254,15846,1,0
79,80,1841,153,8437,177,5243,15851,1,3
80,81,1881,106,8703,132,5055,15877,0,9
81,82,1685,134,8551,381,5142,15893,1,6
82,83,1999,172,8602,146,4985,15904,1,5
83,84,1629,123,8681,143,5329,15904,1,4
84,85,1732,144,8568,196,5268,15908,1,3
85,86,1975,180,8493,177,5093,15917,1,2
86,87,1677,120,8894,113,5136,15939,1,1
87,88,1922,188,8077,197,5560,15943,1,0
88,89,2062,151,8523,120,5097,15952,1,3
89,90,1594,93,9081,122,5063,15953,0,9
90,91,1830,141,8435,107,5442,15954,1,4
91,92,1934,93,8375,137,5425,15963,1,2
92,93,1901,147,8763,108,5049,15968,1,3
93,94,1835,132,8344,155,5506,15971,1,2
94,95,1737,87,8565,113,5487,15989,0,9
95,96,1835,127,8537,134,5361,15993,1,3
96,97,2253,166,8316,213,5047,15995,1,2
97,98,1758,138,8472,143,5494,16005,1,3
98,99,1957,90,8312,180,5479,16018,1,3
99,100,2252,202,8436,139,4998,16027,1,3
100,101,1923,95,8770,125,5123,16036,0,2
101,102,2035,134,8645,134,5099,16046,1,3
102,103,1950,122,8576,159,5243,16050,1,3
103,104,1766,142,8444,182,5522,16056,1,3
104,105,2019,145,8568,151,5175,16058,1,2
105,106,2004,126,8538,169,5222,16059,1,3
106,107,1827,103,8820,146,5170,16066,1,5
107,108,1821,165,9016,195,4870,16066,0,0
108,109,2102,152,8230,137,5471,16092,1,4
109,110,1727,107,8502,151,5607,16093,1,2
110,111,1940,117,8882,154,5005,16098,1,4
111,112,1981,145,8392,149,5434,16100,1,1
112,113,1894,121,8384,156,5564,16118,1,3
113,114,1809,122,8694,166,5337,16127,1,6
114,115,1852,151,8292,169,5668,16132,1,2
115,116,1977,149,8360,128,5519,16133,1,3
116,117,1860,129,8868,186,5115,16157,1,2
117,118,2233,168,8432,225,5154,16211,1,2
118,119,1742,106,8713,123,5528,16212,0,9
119,120,1717,161,8250,159,5931,16217,1,4
120,121,2034,121,8785,149,5131,16220,1,4
121,122,2210,184,8849,146,4844,16232,1,1
122,123,1635,97,8778,122,5601,16232,1,5
123,124,1913,125,8592,132,5479,16240,1,1
124,125,2092,171,8587,139,5276,16264,1,4
125,126,1744,109,8525,121,5769,16268,1,3
126,127,1790,97,8795,365,5228,16274,1,1
127,128,1990,103,8708,128,5355,16283,1,2
128,129,1801,170,8696,176,5442,16284,1,4
129,130,1898,117,8590,381,5300,16285,1,4
130,131,1718,142,8770,357,5303,16290,1,2
131,132,1993,158,8570,146,5424,16291,1,3
132,133,2226,147,8634,142,5145,16294,1,4
133,134,1922,189,8494,228,5486,16318,1,1
134,135,2094,91,8945,113,5082,16325,0,9
135,136,1901,116,8387,139,5789,16332,1,3
136,137,2037,151,8586,157,5420,16351,1,3
137,138,1944,116,8421,147,5732,16360,1,1
138,139,2101,136,8907,139,5078,16361,1,4
139,140,2029,119,8793,107,5314,16361,1,3
140,141,1808,133,9248,156,5021,16366,1,1
141,142,2012,126,8743,140,5361,16382,1,4
142,143,2094,125,8366,156,5653,16394,1,5
143,144,2014,190,8524,132,5566,16426,1,3
144,145,2129,183,8771,432,4915,16430,1,3
145,146,1826,125,8690,130,5674,16444,1,4
146,147,1756,210,8797,206,5515,16484,1,1
147,148,1961,119,8752,108,5546,16485,1,1
148,149,1762,141,8606,159,5819,16487,1,5
149,150,1590,153,8894,250,5610,16496,1,4
150,151,2176,104,8626,135,5467,16507,1,4
151,152,1587,101,8788,115,5936,16526,1,2
152,153,1625,155,9326,142,5280,16527,0,2
153,154,2175,167,8698,177,5334,16551,1,4
154,155,1950,197,8879,175,5354,16554,1,2
155,156,2069,168,8858,162,5306,16563,1,4
156,157,1939,130,8592,208,5707,16575,1,2
157,158,1961,136,8833,162,5489,16581,1,4
158,159,1850,138,8916,174,5505,16582,1,5
159,160,1878,111,8800,146,5659,16594,1,2
160,161,1968,146,8950,149,5383,16595,1,3
161,162,1906,156,8869,133,5539,16603,1,4
162,163,2046,294,9010,108,5170,16628,1,1
163,164,1950,139,8836,164,5540,16628,1,4
164,165,1713,108,8858,191,5767,16636,1,5
165,166,1883,177,9046,234,5297,16636,1,2
166,167,1989,116,8964,160,5408,16636,1,3
167,168,1958,193,8516,166,5827,16660,1,4
168,169,2280,135,8872,169,5207,16663,1,4
169,170,2147,202,9108,174,5033,16664,1,3
170,171,2014,143,8920,189,5404,16669,1,2
171,172,2113,100,8653,137,5669,16672,1,1
172,173,2166,133,8892,145,5353,16688,1,3
173,174,2179,130,8914,126,5342,16690,1,4
174,175,1943,201,8855,148,5546,16692,1,5
175,176,1882,122,9089,135,5473,16701,1,3
176,177,1987,147,9353,151,5071,16708,1,3
177,178,2223,189,8717,137,5448,16713,1,4
178,179,1990,129,8863,211,5524,16716,1,3
179,180,2152,129,8647,191,5602,16720,1,4
180,181,1790,149,8934,204,5644,16721,1,5
181,182,1759,175,9322,128,5340,16723,1,2
182,183,1889,177,8673,177,5808,16723,1,4
183,184,1730,125,9149,126,5596,16726,1,3
184,185,2284,252,8748,151,5300,16735,1,2
185,186,1906,160,9060,149,5460,16735,1,2
186,187,1818,154,9067,141,5561,16740,1,5
187,188,1929,122,8824,166,5710,16751,1,3
188,189,1856,159,8780,180,5786,16760,1,1
189,190,2144,228,8700,165,5529,16766,1,2
190,191,2221,136,9029,141,5241,16768,1,3
191,192,1690,171,8848,148,5912,16768,1,1
192,193,1856,141,8886,180,5709,16772,1,5
193,194,2085,129,8922,138,5503,16777,1,3
194,195,1986,126,8985,143,5554,16794,1,3
195,196,2107,131,8984,128,5451,16800,1,3
196,197,1568,158,9136,171,5783,16816,1,0
197,198,2297,105,8474,111,5835,16822,1,2
198,199,2038,116,8632,142,5895,16822,1,3
199,200,1813,145,8823,181,5868,16830,1,4
200,201,1948,159,8531,157,6040,16835,1,1
201,202,2329,231,8913,158,5205,16836,1,6
202,203,2085,123,9084,128,5420,16840,1,2
203,204,2193,165,8999,227,5258,16841,1,2
204,205,2143,125,9051,185,5354,16857,1,2
205,206,2068,171,9062,153,5409,16862,1,3
206,207,1875,151,9180,135,5528,16869,1,3
207,208,1931,202,9066,206,5466,16871,1,4
208,209,1957,207,8518,187,6003,16872,1,4
209,210,1984,168,8679,149,5897,16876,1,4
210,211,1947,258,9014,204,5455,16877,1,3
211,212,2124,198,9056,155,5347,16880,1,4
212,213,2136,182,9199,144,5221,16882,1,1
213,214,2051,132,8972,195,5555,16905,1,5
214,215,1957,206,8961,178,5605,16906,1,2
215,216,2064,151,9146,185,5363,16909,1,9
216,217,1991,147,9117,158,5496,16909,1,4
217,218,2223,184,9421,173,4912,16912,1,4
218,219,2097,248,8672,138,5763,16917,1,6
219,220,1954,175,8907,139,5744,16918,1,5
220,221,2176,104,8776,149,5719,16923,1,3
221,222,2048,156,8908,403,5424,16939,1,1
222,223,2026,162,9064,190,5499,16941,1,5
223,224,2073,133,9077,180,5482,16944,1,2
224,225,1766,187,8942,197,5853,16944,1,1
225,226,2090,140,8975,221,5521,16947,1,5
226,227,2102,153,8902,159,5637,16952,1,4
227,228,2005,160,8861,179,5758,16963,1,1
228,229,2123,197,9412,174,5059,16965,1,4
229,230,2281,164,8865,171,5485,16965,1,4
230,231,2042,208,8748,248,5734,16979,1,2
231,232,2012,200,8920,163,5685,16980,1,2
232,233,2121,158,8904,151,5650,16983,1,3
233,234,2065,128,8785,167,5840,16985,1,5
234,235,2065,190,9091,145,5500,16990,1,6
235,236,1962,144,9192,141,5553,16991,0,2
236,237,2227,140,8811,147,5670,16995,1,5
237,238,2136,166,9443,171,5083,16998,1,5
238,239,2186,139,9378,164,5135,17001,1,1
239,240,2037,193,9089,174,5509,17002,1,3
240,241,2102,130,9178,139,5454,17003,1,2
241,242,2027,141,8917,130,5801,17016,1,2
242,243,2188,183,8892,160,5594,17016,1,4
243,244,1735,160,9576,145,5409,17024,1,2
244,245,2051,158,9296,157,5372,17034,1,7
245,246,2417,130,8819,188,5497,17050,1,5
246,247,2132,260,8576,235,5857,17059,1,1
247,248,1694,120,9356,172,5730,17071,1,2
248,249,2388,132,9000,138,5425,17082,1,1
249,250,1742,206,8877,308,5950,17083,1,1
250,251,2193,205,9234,178,5276,17086,1,3
251,252,2013,148,9094,152,5680,17086,1,3
252,253,2099,138,8621,130,6104,17091,1,3
253,254,2067,145,8815,177,5889,17092,1,4
254,255,2203,146,9275,160,5328,17111,1,3
255,256,1987,145,9005,188,5789,17114,1,3
256,257,1988,216,9065,177,5670,17116,1,7
257,258,1936,191,9086,184,5729,17126,1,1
258,259,1900,175,9045,151,5860,17130,1,5
259,260,2210,158,8755,144,5867,17133,1,4
260,261,2163,219,9039,170,5547,17137,1,5
261,262,2455,184,9506,189,4805,17138,1,4
262,263,2218,207,8810,155,5754,17144,1,4
263,264,2082,321,9188,259,5299,17148,1,2
264,265,2089,139,9038,164,5723,17153,1,6
265,266,2259,134,8970,252,5552,17166,1,4
266,267,2275,156,9345,117,5277,17169,1,3
267,268,2045,138,9185,154,5657,17178,1,2
268,269,2119,110,8942,134,5877,17182,1,3
269,270,1910,182,8564,148,6389,17192,1,2
270,271,1957,173,9031,151,5882,17194,1,4
271,272,1936,141,9312,182,5631,17201,1,2
272,273,1886,134,9042,196,5947,17204,1,6
273,274,1907,167,8862,153,6116,17205,1,4
274,275,2080,150,9019,175,5784,17208,1,3
275,276,2082,164,9220,184,5570,17220,1,3
276,277,1945,149,9371,151,5613,17229,1,5
277,278,2159,131,9024,155,5761,17230,1,7
278,279,2032,181,9241,159,5625,17238,0,3
279,280,1898,126,9555,134,5528,17241,0,9
280,281,2376,150,9557,172,4995,17250,1,7
281,282,2382,183,8961,157,5568,17250,1,2
282,283,2122,220,9086,210,5618,17255,1,8
283,284,2322,167,8908,222,5636,17255,1,6
284,285,2335,224,9105,166,5432,17261,1,1
285,286,2018,213,9056,186,5794,17266,1,4
286,287,2705,145,8516,155,5746,17266,1,5
287,288,2188,213,8905,261,5703,17269,1,3
288,289,2461,142,8705,166,5796,17270,1,5
289,290,2139,125,8703,145,6165,17276,1,2
290,291,1858,176,8783,182,6306,17304,1,3
291,292,2179,141,8943,455,5587,17305,1,2
292,293,2072,185,8568,196,6289,17309,1,4
293,294,2059,101,9255,148,5752,17314,1,2
294,295,2196,160,8920,177,5863,17316,1,4
295,296,2267,131,8970,180,5778,17325,1,4
296,297,1999,130,9484,129,5584,17326,1,4
297,298,2125,163,9289,165,5586,17328,1,2
298,299,2102,197,9025,183,5839,17346,1,2
299,300,2020,157,9264,194,5720,17355,1,7
300,301,2010,123,9073,202,5948,17355,1,3
301,302,2150,201,9164,153,5689,17356,1,4
302,303,2147,161,9045,167,5838,17358,1,4
303,304,2262,214,8828,223,5832,17358,1,4
304,305,1931,180,9304,138,5808,17361,1,2
305,306,2152,254,9461,189,5309,17365,1,5
306,307,2122,240,9120,171,5713,17365,1,1
307,308,2269,129,8645,144,6184,17371,1,4
308,309,1656,124,9485,133,5977,17375,0,2
309,310,2161,240,9230,180,5565,17376,1,5
310,311,2026,267,9272,192,5620,17376,1,0
311,312,2209,193,9379,389,5217,17386,1,6
312,313,2309,219,9237,137,5486,17388,1,3
313,314,1889,137,9410,215,5741,17391,1,2
314,315,2193,239,9449,178,5336,17394,1,2
315,316,2154,249,9142,242,5615,17401,1,4
316,317,2353,156,9113,199,5580,17401,1,1
317,318,2022,163,9827,162,5232,17406,0,3
318,319,2114,182,9362,161,5592,17410,1,6
319,320,2150,169,9273,184,5637,17412,1,5
320,321,2210,138,9046,181,5842,17416,1,3
322,323,2117,260,9229,177,5649,17431,1,7
323,324,1934,151,9058,139,6152,17433,1,4
324,325,2225,202,9428,222,5358,17435,1,3
325,326,2198,139,9020,156,5924,17436,1,3
326,327,2150,138,9379,204,5566,17437,1,4
327,328,2177,187,8802,141,6131,17437,1,1
328,329,1930,154,9731,165,5463,17442,1,3
329,330,1990,215,9185,217,5839,17446,1,2
330,331,2046,210,9079,135,5983,17452,1,2
331,332,2409,185,9253,191,5416,17454,1,4
332,333,1821,131,9327,159,6021,17459,1,5
333,334,2197,156,9094,126,5891,17463,1,3
334,335,2259,163,9179,141,5722,17463,1,6
335,336,2109,154,8721,170,6311,17465,1,3
336,337,2202,92,9114,140,5919,17466,1,2
337,338,2129,183,9092,161,5903,17468,0,0
338,339,2538,169,9171,172,5419,17468,1,3
339,340,1942,124,8721,167,6518,17472,1,0
340,341,2292,107,9146,157,5773,17474,1,3
341,342,1996,166,9638,119,5562,17480,1,2
342,343,1769,143,9478,162,5936,17487,0,3
343,344,2214,175,9264,159,5685,17497,1,3
344,345,2150,270,9596,201,5281,17497,1,1
345,346,2181,182,9134,176,5827,17500,1,2
346,347,2100,246,9269,214,5673,17501,0,4
347,348,2378,144,9288,183,5520,17513,1,2
348,349,2066,193,9494,183,5578,17513,1,4
349,350,2162,151,9310,176,5734,17532,1,4
350,351,1977,97,9278,133,6068,17553,1,4
351,352,2189,174,9218,148,5826,17554,1,4
352,353,2043,202,8860,160,6292,17556,1,4
353,354,1779,187,8933,175,6486,17559,1,1
354,355,2183,144,8977,179,6080,17562,1,3
355,356,1877,154,9152,113,6269,17564,1,0
356,357,2057,161,8975,162,6214,17569,1,4
357,358,2024,134,9411,160,5841,17570,0,2
358,359,2012,234,9343,258,5729,17576,1,6
359,360,2154,235,9309,210,5669,17576,1,4
360,361,2134,148,9536,174,5587,17579,1,3
361,362,2117,179,9144,186,5958,17584,1,3
362,363,1974,157,9611,193,5652,17586,1,4
363,364,1807,182,9428,150,6021,17588,1,3
364,365,2057,135,9295,246,5867,17599,1,2
365,366,2298,216,8943,163,5982,17601,1,0
366,367,1986,122,9064,358,6076,17606,1,2
367,368,2309,161,9025,176,5937,17607,1,6
368,369,2106,151,9241,187,5925,17609,1,4
369,370,2256,135,9384,129,5706,17609,1,4
370,371,2329,239,9449,217,5383,17616,1,4
371,372,2466,205,8511,171,6276,17629,1,0
372,373,2109,166,9291,261,5809,17636,1,3
373,374,2202,196,9373,217,5652,17639,1,2
374,375,2018,120,9619,156,5729,17641,1,1
375,376,1924,156,9208,159,6195,17642,1,4
376,377,2235,204,9081,234,5889,17643,1,3
377,378,2468,158,9129,176,5717,17648,1,3
378,379,2040,268,9081,219,6043,17651,1,4
379,380,2221,151,9152,138,5990,17651,1,4
380,381,2159,146,9541,146,5666,17658,1,5
381,382,2197,186,9765,162,5350,17660,1,7
382,383,2081,231,9258,176,5917,17662,1,8
383,384,2216,235,8986,175,6053,17665,1,3
384,385,1894,183,9001,143,6446,17666,1,4
385,386,2373,129,9440,169,5559,17669,1,4
386,387,2205,181,9102,137,6045,17669,1,4
387,388,2079,157,9481,154,5799,17670,1,4
389,390,2693,224,8854,194,5710,17674,1,4
390,391,2293,201,9104,178,5902,17677,1,4
391,392,1700,129,9568,169,6114,17679,0,1
392,393,2125,173,9044,187,6153,17681,1,5
393,394,1895,209,9635,286,5658,17682,0,2
394,395,1970,201,9218,172,6124,17685,1,5
395,396,2368,177,9695,249,5200,17688,1,2
396,397,1804,320,9386,150,6047,17706,1,4
397,398,1745,141,9190,176,6456,17708,1,4
398,399,1876,208,9261,228,6147,17720,1,5
399,400,2080,162,9180,179,6124,17725,1,2
400,401,1897,206,9421,291,5911,17725,1,4
401,402,2384,168,9254,223,5704,17733,1,4
402,403,2047,124,9011,179,6373,17734,1,3
403,404,2176,319,9709,139,5394,17737,0,3
404,405,2400,189,8877,174,6101,17740,1,5
405,406,1969,212,9644,228,5693,17745,1,2
406,407,2219,183,8938,237,6172,17748,1,4
407,408,2313,183,9463,152,5643,17753,1,1
408,409,2018,209,9253,210,6072,17761,1,4
409,410,1963,128,9673,151,5863,17778,1,2
410,411,2043,183,10009,211,5333,17778,1,4
411,412,2183,197,9344,170,5888,17781,1,4
412,413,2037,131,9021,216,6392,17796,1,2
413,414,1901,168,9601,176,5967,17812,1,4
414,415,2221,179,9013,199,6212,17824,1,7
415,416,2553,173,9171,157,5770,17824,1,0
416,417,1941,146,9278,155,6305,17824,1,3
417,418,2480,194,9506,197,5453,17829,1,2
418,419,2151,183,9322,176,6001,17833,1,2
419,420,2183,130,9330,197,5994,17833,1,4
420,421,2057,163,9345,146,6124,17834,1,2
421,422,2399,239,9447,198,5554,17837,1,4
422,423,2148,186,9532,173,5802,17841,1,1
423,424,2026,146,9100,142,6429,17842,1,4
424,425,2446,223,8631,180,6365,17844,1,2
425,426,2149,115,8449,170,6963,17846,1,2
426,427,2081,307,9194,207,6058,17847,1,3
427,428,2245,191,9874,134,5407,17851,1,4
428,429,1928,160,9328,224,6213,17852,1,0
429,430,2211,173,9001,160,6312,17856,1,3
430,431,2013,143,9634,147,5924,17861,1,3
431,432,2242,182,8975,263,6201,17862,1,3
432,433,2180,217,9090,170,6207,17864,1,4
433,434,1821,151,10108,130,5655,17864,0,2
434,435,1766,143,9079,175,6703,17865,1,4
435,436,2133,234,9679,136,5685,17866,1,1
436,437,2229,258,9713,197,5479,17875,1,1
437,438,1731,163,8788,135,7060,17877,1,4
438,439,2133,214,9372,201,5958,17877,1,4
439,440,1958,190,9650,165,5920,17882,1,3
440,441,2388,162,9701,179,5456,17886,0,1
441,442,2152,220,9271,192,6052,17887,1,6
442,443,2255,124,9559,193,5758,17888,1,4
443,444,2042,147,9699,182,5822,17892,1,5
444,445,2141,229,9042,185,6306,17902,1,3
445,446,2094,125,9254,188,6244,17905,1,4
446,447,2216,111,9140,142,6309,17918,1,5
447,448,2132,170,9497,255,5872,17926,1,5
448,449,2041,152,9583,178,5978,17931,1,4
449,450,1837,184,9198,145,6569,17932,1,2
450,451,2274,217,9754,162,5528,17935,1,4
451,452,1625,178,9441,231,6462,17937,1,6
452,453,2225,172,9421,189,5931,17937,1,2
453,454,2062,154,9667,140,5917,17940,0,0
454,455,2183,135,9452,425,5758,17952,1,5
455,456,2072,195,9483,171,6038,17958,1,4
456,457,2196,137,9806,188,5633,17959,0,2
457,458,2569,258,9357,177,5599,17959,1,7
458,459,1621,169,9179,123,6868,17960,1,3
459,460,2197,311,8864,234,6357,17963,1,4
460,461,2178,181,9522,221,5861,17963,1,3
461,462,2102,252,9400,205,6013,17972,1,5
462,463,2553,191,9248,201,5779,17972,1,1
463,464,2113,198,8980,437,6254,17981,1,5
464,465,2224,198,9473,174,5915,17983,1,4
465,466,1981,124,9716,162,6001,17984,0,3
466,467,2657,145,9544,208,5438,17992,1,2
467,468,2308,177,9760,172,5578,17994,0,5
468,469,2240,163,9203,162,6239,18007,1,4
469,470,2050,149,9494,180,6154,18026,1,6
470,471,2024,172,9326,192,6318,18032,1,3
471,472,2196,161,9877,131,5683,18048,1,2
472,473,2439,159,9145,143,6168,18054,1,3
473,474,1877,167,9599,173,6255,18070,1,3
474,475,2126,135,9496,118,6198,18072,1,2
475,476,2227,163,9302,145,6237,18074,1,3
476,477,2268,157,9310,171,6171,18077,0,1
477,478,2196,247,9480,193,5971,18086,1,4
478,479,1976,145,9750,153,6064,18087,0,3
479,480,2267,168,9659,224,5772,18090,1,4
480,481,2218,189,9650,165,5875,18097,1,3
481,482,2111,240,9349,234,6165,18099,1,5
482,483,2090,182,9354,210,6265,18100,1,5
483,484,1998,161,9691,150,6102,18102,0,1
484,485,1924,257,9795,231,5897,18103,1,4
485,486,2045,149,10237,142,5538,18110,0,0
486,487,2179,211,9937,190,5594,18110,1,3
487,488,2064,208,9714,179,5954,18118,1,3
488,489,2252,210,9072,189,6405,18127,1,5
489,490,1988,160,9245,154,6582,18128,1,0
490,491,2086,126,9850,161,5916,18139,0,4
491,492,2075,192,9045,220,6614,18145,1,3
492,493,2150,205,9682,160,5957,18153,1,3
493,494,2357,148,9404,171,6075,18154,1,7
494,495,2047,139,9242,168,6566,18161,0,4
495,496,2083,181,9982,166,5750,18162,1,5
496,497,2403,200,9388,195,5989,18175,1,7
497,498,1870,130,9447,184,6548,18179,1,2
498,499,2350,237,10004,130,5462,18182,1,3
499,500,1895,126,9655,186,6322,18183,1,5
500,501,2557,284,9194,224,5925,18184,1,2
501,502,2302,164,9424,188,6108,18185,1,3
502,503,2072,127,10446,191,5351,18187,1,2
503,504,2113,155,9776,230,5922,18196,1,2
504,505,2202,210,9515,171,6108,18206,1,4
505,506,2005,317,9513,277,6096,18208,1,5
506,507,2198,185,9789,186,5854,18212,1,3
507,508,2167,164,9349,166,6368,18214,1,5
508,509,2334,166,9111,179,6429,18218,1,4
509,510,2088,214,9511,225,6186,18223,1,4
510,511,2329,186,9634,278,5799,18226,1,4
511,512,2070,217,9604,152,6187,18229,1,6
512,513,2203,124,9596,149,6159,18230,0,3
513,514,2067,214,9805,261,5886,18233,1,5
514,515,2361,168,9209,168,6336,18242,1,4
515,516,2144,166,9782,193,5959,18244,0,4
516,517,1993,164,9733,190,6164,18244,0,2
517,518,2051,141,9288,190,6574,18244,1,3
518,519,2214,181,8799,223,6829,18245,1,3
519,520,2314,140,9336,176,6281,18247,1,4
520,521,2200,243,9468,171,6168,18250,1,4
521,522,2206,156,9880,214,5804,18259,1,3
522,523,2086,171,10037,174,5793,18261,1,2
523,524,2482,142,9439,216,6002,18281,1,5
524,525,2252,157,9850,178,5868,18305,1,5
525,526,1973,167,9522,140,6507,18309,0,2
526,527,2086,141,9673,211,6203,18314,1,2
527,528,2103,138,9569,216,6288,18314,1,3
528,529,2226,252,9588,164,6084,18314,1,2
529,530,2179,147,9251,239,6502,18317,1,2
530,531,2127,201,9523,250,6218,18319,1,3
531,532,2419,313,9523,308,5758,18321,1,3
532,533,2099,126,9752,175,6171,18323,0,5
533,534,2019,214,9943,148,6000,18324,1,3
534,535,2188,191,9613,186,6147,18325,1,5
535,536,2213,212,9132,231,6542,18329,1,4
536,537,2125,127,9214,183,6685,18334,1,4
537,538,2285,299,9699,211,5849,18343,1,2
538,539,2184,180,9545,206,6231,18345,1,3
539,540,2493,196,9289,242,6127,18347,1,5
540,541,2049,186,9729,222,6163,18348,1,4
541,542,1994,188,9652,152,6363,18349,0,3
542,543,2099,211,9558,184,6299,18350,1,4
543,544,2288,172,9744,234,5917,18354,1,5
544,545,2092,160,9664,159,6284,18358,1,4
545,546,2377,233,9299,226,6226,18361,1,3
546,547,2182,225,9742,150,6064,18363,1,2
547,548,2012,185,9441,181,6552,18371,1,4
548,549,1811,168,10210,164,6019,18371,1,3
549,550,2347,162,9246,244,6388,18387,1,6
550,551,2015,146,9608,151,6468,18388,1,2
551,552,2187,188,9568,210,6237,18390,1,5
552,553,2116,128,9325,193,6640,18402,1,1
553,554,2639,193,9615,296,5664,18406,1,5
554,555,2309,168,9707,161,6069,18414,1,2
555,556,2656,188,9643,191,5741,18418,1,4
556,557,2121,234,9040,315,6716,18425,1,3
557,558,1994,260,10087,179,5910,18429,1,2
558,559,1956,209,9691,174,6401,18431,1,4
559,560,2323,177,9257,170,6507,18433,1,4
560,561,2070,243,10076,225,5822,18435,1,5
561,562,2083,179,9768,171,6236,18436,1,2
562,563,2397,202,9421,207,6212,18438,1,3
563,564,2098,192,9614,177,6360,18440,1,5
564,565,2011,175,10179,211,5870,18446,1,1
565,566,2273,161,9417,183,6416,18450,0,4
566,567,2262,166,9936,208,5879,18451,1,5
567,568,2112,247,9420,196,6478,18452,1,2
568,569,2199,191,9859,187,6018,18454,1,2
569,570,2314,155,9368,179,6439,18454,1,5
570,571,1728,163,10400,150,6017,18458,1,1
571,572,2585,268,9474,160,5973,18459,1,4
572,573,2256,148,9608,216,6235,18462,1,4
573,574,1993,152,9678,163,6482,18467,1,4
574,575,2068,172,9969,177,6082,18467,1,3
575,576,1972,142,9648,223,6488,18473,1,2
576,577,2398,164,9616,182,6114,18474,1,2
577,578,2079,156,9577,228,6435,18475,1,4
578,579,2078,182,9525,417,6275,18477,1,5
579,580,1934,165,9867,186,6330,18481,1,2
580,581,2074,165,10065,192,5988,18484,1,1
581,582,1743,192,10259,177,6115,18485,1,5
582,583,2298,228,9427,264,6281,18498,1,4
583,584,2057,168,9448,177,6651,18500,1,3
584,585,2169,211,9818,180,6125,18503,1,4
585,586,2169,201,9977,188,5969,18504,1,3
586,587,2465,240,9658,168,5983,18514,1,4
587,588,2276,325,9822,279,5814,18515,1,3
588,589,2583,187,9787,213,5747,18516,1,5
589,590,2136,203,9653,194,6340,18525,1,3
590,591,2037,167,10014,153,6160,18531,0,1
591,592,2218,203,9711,169,6230,18531,1,2
592,593,2175,161,9705,169,6331,18540,1,4
593,594,2582,231,9707,187,5835,18541,1,3
594,595,2104,127,10088,207,6016,18541,1,5
595,596,2298,216,9658,433,5937,18542,1,3
596,597,2291,124,9766,204,6158,18543,1,1
597,598,2287,170,10078,176,5833,18543,1,3
598,599,2347,199,9745,180,6073,18544,0,2
599,600,2254,281,9253,230,6527,18545,1,5
600,601,2157,158,9315,193,6723,18546,1,4
601,602,2422,215,9467,252,6191,18547,1,4
602,603,2163,161,9739,166,6332,18561,1,3
603,604,2157,140,10491,105,5676,18568,1,5
604,605,2249,215,9735,196,6178,18573,1,4
605,606,2392,207,9408,235,6333,18575,1,4
606,607,2423,283,9493,223,6155,18576,1,2
607,608,1839,174,10013,230,6321,18577,1,6
608,609,2342,246,9777,238,5976,18578,1,3
609,610,2351,224,9682,179,6151,18586,1,4
610,611,2464,209,9587,195,6133,18587,1,3
611,612,2135,154,9373,242,6690,18593,1,3
612,613,2376,210,9585,305,6120,18595,1,1
613,614,2040,261,9819,243,6243,18606,1,3
614,615,2262,193,9601,203,6350,18608,1,4
615,616,1878,255,10527,217,5731,18608,1,2
616,617,2499,167,9726,179,6042,18613,1,3
617,618,2178,202,9241,206,6788,18615,1,6
618,619,2309,131,9785,194,6199,18617,1,4
619,620,2454,138,9082,164,6780,18618,1,3
620,621,2792,205,9277,224,6124,18621,1,3
621,622,2521,188,9497,150,6273,18629,1,3
622,623,2080,197,10351,194,5810,18631,1,6
623,624,2192,190,9838,171,6243,18633,1,1
624,625,2442,149,9800,185,6058,18634,1,2
625,626,2149,174,9667,157,6489,18635,1,2
626,627,2372,240,9941,276,5818,18647,1,1
627,628,2558,219,9664,160,6048,18649,1,4
628,629,1832,146,10303,164,6206,18650,0,0
629,630,2465,193,9600,182,6212,18652,1,1
630,631,2491,196,9762,164,6054,18666,0,3
631,632,1958,141,10072,127,6369,18667,0,2
632,633,2367,180,9866,239,6018,18669,1,4
633,634,2313,258,9840,216,6047,18673,1,3
634,635,2335,259,9742,207,6132,18675,1,4
635,636,2031,226,9822,180,6421,18679,1,2
636,637,2156,140,9485,149,6754,18684,1,4
637,638,2061,192,10389,156,5888,18686,1,1
638,639,2090,257,9268,211,6861,18687,1,2
639,640,2353,152,9763,150,6269,18687,1,4
640,641,2608,255,9522,238,6066,18688,1,4
641,642,2463,169,9559,148,6352,18690,1,2
642,643,2167,125,9840,209,6353,18694,1,0
643,644,2112,210,10325,166,5881,18694,1,4
644,645,2342,331,9608,269,6144,18694,1,5
645,646,2102,297,10011,259,6035,18704,1,4
646,647,2728,278,9679,135,5885,18704,1,2
647,648,2097,215,9956,226,6213,18706,1,3
648,649,2468,290,9903,257,5793,18710,1,5
649,650,2178,162,9218,184,6983,18724,1,5
650,651,2633,159,9645,172,6117,18726,1,3
651,652,2659,209,9857,280,5729,18734,1,5
652,653,2352,215,9391,207,6571,18736,1,2
653,654,2038,194,9619,179,6709,18739,1,4
654,655,1986,239,10340,218,5968,18751,1,5
655,656,2248,274,9465,237,6531,18755,1,5
656,657,2191,181,9540,152,6700,18763,1,3
657,658,3060,188,9403,152,5972,18774,1,2
658,659,2227,142,10088,270,6052,18778,1,4
659,660,2537,305,10180,209,5550,18780,1,2
660,661,2525,226,9632,179,6221,18783,1,3
661,662,2024,149,9458,153,7002,18785,1,3
662,663,2375,195,9703,203,6317,18792,1,2
663,664,2687,286,10423,210,5190,18795,1,2
664,665,2262,159,9758,206,6412,18796,1,4
665,666,2194,197,10094,199,6116,18799,0,1
666,667,2300,209,10071,251,5970,18800,1,2
667,668,2381,284,10085,235,5825,18810,1,3
668,669,2302,184,9750,184,6392,18811,1,4
669,670,2213,177,9979,147,6296,18811,1,4
670,671,2217,194,10135,215,6056,18817,1,2
671,672,2156,294,10105,212,6053,18820,1,0
672,673,2612,235,9599,201,6174,18821,1,5
673,674,2384,179,9633,189,6438,18822,1,7
674,675,2256,239,9784,221,6324,18824,1,4
675,676,2572,160,9768,154,6177,18831,1,6
676,677,2011,198,9819,243,6567,18838,1,3
677,678,2415,209,10238,177,5801,18840,1,2
678,679,2411,217,9499,193,6525,18845,1,2
679,680,1920,143,10212,204,6368,18846,0,6
680,681,2304,250,9854,213,6231,18851,0,3
681,682,2333,342,10222,333,5623,18852,1,1
682,683,2471,193,9324,201,6664,18853,1,2
683,684,2030,172,9944,179,6533,18857,1,1
684,685,2040,144,9828,208,6639,18859,1,5
685,686,2218,179,9482,256,6724,18859,1,2
686,687,2243,250,9589,230,6549,18860,1,4
687,688,2276,260,9394,201,6730,18860,1,3
688,689,2303,224,10028,206,6105,18865,1,2
689,690,2157,154,9489,230,6842,18872,1,5
690,691,2285,158,9984,180,6269,18876,1,2
691,692,2057,239,9873,181,6528,18878,1,3
692,693,2131,132,9835,207,6577,18882,1,5
693,694,2485,260,9621,235,6291,18892,1,5
694,695,2341,209,9666,182,6498,18896,1,3
695,696,2604,208,9521,223,6343,18899,1,4
696,697,2064,213,10463,161,6003,18904,1,3
697,698,2198,251,9520,258,6678,18904,1,4
698,699,2670,172,10205,195,5665,18907,1,3
699,700,2522,140,9632,215,6408,18916,1,1
700,701,2211,198,9850,214,6451,18923,1,4
701,702,2367,206,9977,228,6153,18930,1,4
702,703,2157,229,9682,197,6666,18931,1,3
703,704,2257,228,10132,238,6077,18931,0,4
704,705,2141,315,9531,251,6695,18933,1,6
705,706,2147,149,9991,153,6497,18936,1,2
706,707,2328,229,9738,225,6423,18943,1,2
707,708,2174,211,10132,192,6242,18950,1,5
708,709,2279,184,9975,165,6353,18956,1,4
709,710,2367,166,9681,212,6542,18968,1,3
710,711,2171,152,10029,174,6442,18968,1,4
711,712,2013,321,9642,258,6737,18971,1,4
712,713,2060,205,9922,141,6645,18973,1,2
713,714,2414,219,9789,189,6366,18977,1,4
714,715,2352,192,10155,180,6098,18977,1,3
715,716,2264,171,9917,224,6406,18981,1,2
716,717,1904,192,10213,201,6474,18983,1,7
717,718,1743,222,10299,319,6401,18984,1,4
718,719,2760,205,9878,166,5978,18986,1,3
719,720,2124,200,9490,276,6897,18986,1,4
720,721,2213,204,10418,220,5935,18990,0,4
721,722,2054,168,9852,287,6629,18990,1,3
722,723,2795,163,9690,231,6114,18992,1,3
723,724,2133,135,10398,146,6183,18994,1,1
724,725,2450,224,10173,214,5937,18998,1,6
725,726,2180,252,10053,266,6250,19000,1,2
726,727,2423,278,9748,234,6325,19008,1,6
727,728,2491,190,9319,152,6859,19010,1,2
728,729,2300,223,10145,182,6164,19014,1,4
729,730,2345,288,10105,190,6088,19015,1,1
730,731,2675,206,9473,202,6463,19018,0,4
731,732,2166,127,9823,184,6724,19024,0,5
732,733,2065,122,10449,160,6229,19024,1,2
733,734,2015,111,10099,171,6632,19027,1,3
734,735,2136,230,9218,191,7256,19031,1,5
735,736,2153,151,9610,149,6969,19031,1,2
736,737,2747,200,9776,223,6087,19032,1,3
737,738,2103,206,10264,254,6210,19036,1,4
738,739,2141,160,9918,169,6650,19037,1,1
739,740,2200,212,10312,265,6053,19042,1,3
740,741,2200,182,9770,167,6726,19045,1,4
741,742,2155,162,9827,194,6716,19053,1,4
742,743,2199,208,9731,344,6575,19056,1,4
743,744,2211,254,9838,283,6471,19057,1,2
744,745,2062,284,10225,254,6239,19063,1,5
745,746,2397,210,10003,244,6217,19070,1,3
746,747,2416,195,9852,233,6380,19075,1,2
747,748,2554,330,9794,222,6179,19078,1,4
748,749,2315,137,9932,160,6544,19087,1,1
749,750,2013,207,9575,166,7134,19094,1,3
750,751,2307,209,9259,240,7081,19096,1,8
751,752,2139,214,10106,220,6418,19097,0,3
752,753,2345,435,10176,243,5905,19103,1,1
753,754,2083,173,10297,199,6356,19107,1,4
754,755,2611,283,9731,260,6233,19117,1,7
755,756,2423,157,9780,232,6532,19124,1,5
756,757,2326,232,9897,171,6499,19124,1,4
757,758,2137,164,9771,221,6835,19127,1,3
758,759,2206,196,9323,310,7100,19135,1,6
759,760,2442,261,10239,287,5913,19142,1,1
760,761,1926,124,9753,225,7115,19142,1,5
761,762,2300,215,9913,220,6505,19152,1,2
762,763,2490,120,9300,166,7078,19153,1,3
763,764,2055,200,9605,222,7073,19155,1,5
764,765,2354,189,10082,227,6308,19159,1,0
765,766,1912,269,9901,209,6870,19161,1,3
766,767,2486,179,10278,180,6039,19162,1,4
767,768,2635,225,9772,168,6367,19166,1,3
768,769,2079,152,10185,146,6611,19172,1,4
769,770,2365,173,10408,155,6077,19178,0,3
770,771,2231,261,9925,243,6524,19184,1,4
771,772,2322,265,10488,194,5922,19190,1,2
772,773,2096,171,10008,207,6711,19192,0,4
773,774,1959,196,9509,491,7042,19196,1,2
774,775,2525,187,9747,161,6578,19197,1,3
775,776,2058,245,9720,166,7015,19204,1,0
776,777,2366,463,9683,194,6499,19204,1,4
777,778,2263,208,9866,231,6637,19205,1,3
778,779,2085,331,9763,295,6732,19206,1,3
779,780,2627,284,10112,301,5887,19210,1,5
780,781,2605,345,10176,325,5766,19216,1,6
781,782,1798,160,9727,204,7331,19219,0,0
782,783,2300,206,10160,261,6297,19224,1,2
783,784,2386,295,9486,364,6696,19227,1,7
784,785,1875,149,9534,156,7521,19235,1,4
785,786,2326,130,10308,186,6291,19241,1,2
786,787,2514,126,9765,162,6680,19246,1,3
787,788,2506,234,9795,188,6525,19247,1,5
788,789,2090,219,9793,206,6941,19249,1,2
789,790,2350,153,9579,245,6925,19251,1,4
790,791,2293,166,10217,210,6370,19255,1,4
791,792,2121,314,10203,168,6453,19259,1,1
792,793,2202,309,10048,279,6431,19269,1,7
793,794,2298,211,9865,182,6717,19272,1,4
794,795,2411,210,9819,257,6576,19273,1,4
795,796,2345,213,9887,208,6624,19277,1,3
796,797,2201,200,9913,237,6727,19278,1,5
797,798,2481,338,9599,163,6698,19279,1,3
798,799,2436,128,9676,168,6878,19286,1,4
799,800,2230,278,9702,292,6785,19286,1,4
